GO:0000015	phosphopyruvate hydratase complex
GO:0000030	mannosyltransferase activity
GO:0000049	tRNA binding
GO:0000103	sulfate assimilation
GO:0000104	succinate dehydrogenase activity
GO:0000105	histidine biosynthetic process
GO:0000107	imidazoleglycerol-phosphate synthase activity
GO:0000155	phosphorelay sensor kinase activity
GO:0000160	phosphorelay signal transduction system
GO:0000162	tryptophan biosynthetic process
GO:0000166	nucleotide binding
GO:0000175	3'-5'-exoribonuclease activity
GO:0000179	rRNA (adenine-N6,N6-)-dimethyltransferase activity
GO:0000271	polysaccharide biosynthetic process
GO:0000286	alanine dehydrogenase activity
GO:0000287	magnesium ion binding
GO:0000453	enzyme-directed rRNA 2'-O-methylation
GO:0000502	proteasome complex
GO:0000716	transcription-coupled nucleotide-excision repair, DNA damage recognition
GO:0000774	adenyl-nucleotide exchange factor activity
GO:0000902	cell morphogenesis
GO:0000906	6,7-dimethyl-8-ribityllumazine synthase activity
GO:0001000	bacterial-type RNA polymerase core enzyme binding
GO:0001123	transcription initiation from bacterial-type RNA polymerase promoter
GO:0001522	pseudouridine synthesis
GO:0002100	tRNA wobble adenosine to inosine editing
GO:0002161	aminoacyl-tRNA editing activity
GO:0002949	tRNA threonylcarbamoyladenosine modification
GO:0003676	nucleic acid binding
GO:0003677	DNA binding
GO:0003678	DNA helicase activity
GO:0003684	damaged DNA binding
GO:0003688	DNA replication origin binding
GO:0003697	single-stranded DNA binding
GO:0003700	DNA binding transcription factor activity
GO:0003723	RNA binding
GO:0003725	double-stranded RNA binding
GO:0003735	structural constituent of ribosome
GO:0003743	translation initiation factor activity
GO:0003746	translation elongation factor activity
GO:0003755	peptidyl-prolyl cis-trans isomerase activity
GO:0003824	catalytic activity
GO:0003825	alpha,alpha-trehalose-phosphate synthase (UDP-forming) activity
GO:0003839	gamma-glutamylcyclotransferase activity
GO:0003848	2-amino-4-hydroxy-6-hydroxymethyldihydropteridine diphosphokinase activity
GO:0003849	3-deoxy-7-phosphoheptulonate synthase activity
GO:0003852	2-isopropylmalate synthase activity
GO:0003854	3-beta-hydroxy-delta5-steroid dehydrogenase activity
GO:0003855	3-dehydroquinate dehydratase activity
GO:0003856	3-dehydroquinate synthase activity
GO:0003857	3-hydroxyacyl-CoA dehydrogenase activity
GO:0003860	3-hydroxyisobutyryl-CoA hydrolase activity
GO:0003861	3-isopropylmalate dehydratase activity
GO:0003862	3-isopropylmalate dehydrogenase activity
GO:0003864	3-methyl-2-oxobutanoate hydroxymethyltransferase activity
GO:0003866	3-phosphoshikimate 1-carboxyvinyltransferase activity
GO:0003871	5-methyltetrahydropteroyltriglutamate-homocysteine S-methyltransferase activity
GO:0003872	6-phosphofructokinase activity
GO:0003879	ATP phosphoribosyltransferase activity
GO:0003882	CDP-diacylglycerol-serine O-phosphatidyltransferase activity
GO:0003883	CTP synthase activity
GO:0003884	D-amino-acid oxidase activity
GO:0003885	D-arabinono-1,4-lactone oxidase activity
GO:0003887	DNA-directed DNA polymerase activity
GO:0003896	DNA primase activity
GO:0003899	DNA-directed 5'-3' RNA polymerase activity
GO:0003905	alkylbase DNA N-glycosylase activity
GO:0003908	methylated-DNA-[protein]-cysteine S-methyltransferase activity
GO:0003911	DNA ligase (NAD+) activity
GO:0003917	DNA topoisomerase type I activity
GO:0003918	DNA topoisomerase type II (ATP-hydrolyzing) activity
GO:0003919	FMN adenylyltransferase activity
GO:0003922	GMP synthase (glutamine-hydrolyzing) activity
GO:0003924	GTPase activity
GO:0003934	GTP cyclohydrolase I activity
GO:0003935	GTP cyclohydrolase II activity
GO:0003937	IMP cyclohydrolase activity
GO:0003938	IMP dehydrogenase activity
GO:0003941	L-serine ammonia-lyase activity
GO:0003942	N-acetyl-gamma-glutamyl-phosphate reductase activity
GO:0003949	1-(5-phosphoribosyl)-5-[(5-phosphoribosylamino)methylideneamino]imidazole-4-carboxamide isomerase activity
GO:0003951	NAD+ kinase activity
GO:0003952	NAD+ synthase (glutamine-hydrolyzing) activity
GO:0003962	cystathionine gamma-synthase activity
GO:0003977	UDP-N-acetylglucosamine diphosphorylase activity
GO:0003983	UTP:glucose-1-phosphate uridylyltransferase activity
GO:0003984	acetolactate synthase activity
GO:0003985	acetyl-CoA C-acetyltransferase activity
GO:0003991	acetylglutamate kinase activity
GO:0003992	N2-acetyl-L-ornithine:2-oxoglutarate 5-aminotransferase activity
GO:0003995	acyl-CoA dehydrogenase activity
GO:0003997	acyl-CoA oxidase activity
GO:0004000	adenosine deaminase activity
GO:0004003	ATP-dependent DNA helicase activity
GO:0004013	adenosylhomocysteinase activity
GO:0004015	adenosylmethionine-8-amino-7-oxononanoate transaminase activity
GO:0004017	adenylate kinase activity
GO:0004018	N6-(1,2-dicarboxyethyl)AMP AMP-lyase (fumarate-forming) activity
GO:0004019	adenylosuccinate synthase activity
GO:0004040	amidase activity
GO:0004042	acetyl-CoA:L-glutamate N-acetyltransferase activity
GO:0004044	amidophosphoribosyltransferase activity
GO:0004045	aminoacyl-tRNA hydrolase activity
GO:0004047	aminomethyltransferase activity
GO:0004048	anthranilate phosphoribosyltransferase activity
GO:0004049	anthranilate synthase activity
GO:0004055	argininosuccinate synthase activity
GO:0004056	argininosuccinate lyase activity
GO:0004066	asparagine synthase (glutamine-hydrolyzing) activity
GO:0004067	asparaginase activity
GO:0004068	aspartate 1-decarboxylase activity
GO:0004070	aspartate carbamoyltransferase activity
GO:0004072	aspartate kinase activity
GO:0004073	aspartate-semialdehyde dehydrogenase activity
GO:0004075	biotin carboxylase activity
GO:0004076	biotin synthase activity
GO:0004077	biotin-[acetyl-CoA-carboxylase] ligase activity
GO:0004088	carbamoyl-phosphate synthase (glutamine-hydrolyzing) activity
GO:0004089	carbonate dehydratase activity
GO:0004106	chorismate mutase activity
GO:0004107	chorismate synthase activity
GO:0004108	citrate (Si)-synthase activity
GO:0004115	3',5'-cyclic-AMP phosphodiesterase activity
GO:0004121	cystathionine beta-lyase activity
GO:0004122	cystathionine beta-synthase activity
GO:0004124	cysteine synthase activity
GO:0004126	cytidine deaminase activity
GO:0004127	cytidylate kinase activity
GO:0004129	cytochrome-c oxidase activity
GO:0004139	deoxyribose-phosphate aldolase activity
GO:0004140	dephospho-CoA kinase activity
GO:0004141	dethiobiotin synthase activity
GO:0004144	diacylglycerol O-acyltransferase activity
GO:0004146	dihydrofolate reductase activity
GO:0004148	dihydrolipoyl dehydrogenase activity
GO:0004149	dihydrolipoyllysine-residue succinyltransferase activity
GO:0004150	dihydroneopterin aldolase activity
GO:0004151	dihydroorotase activity
GO:0004152	dihydroorotate dehydrogenase activity
GO:0004156	dihydropteroate synthase activity
GO:0004160	dihydroxy-acid dehydratase activity
GO:0004170	dUTP diphosphatase activity
GO:0004176	ATP-dependent peptidase activity
GO:0004177	aminopeptidase activity
GO:0004185	serine-type carboxypeptidase activity
GO:0004190	aspartic-type endopeptidase activity
GO:0004222	metalloendopeptidase activity
GO:0004252	serine-type endopeptidase activity
GO:0004298	threonine-type endopeptidase activity
GO:0004300	enoyl-CoA hydratase activity
GO:0004309	exopolyphosphatase activity
GO:0004312	fatty acid synthase activity
GO:0004315	3-oxoacyl-[acyl-carrier-protein] synthase activity
GO:0004318	enoyl-[acyl-carrier-protein] reductase (NADH) activity
GO:0004322	ferroxidase activity
GO:0004324	ferredoxin-NADP+ reductase activity
GO:0004325	ferrochelatase activity
GO:0004326	tetrahydrofolylpolyglutamate synthase activity
GO:0004332	fructose-bisphosphate aldolase activity
GO:0004333	fumarate hydratase activity
GO:0004340	glucokinase activity
GO:0004347	glucose-6-phosphate isomerase activity
GO:0004349	glutamate 5-kinase activity
GO:0004350	glutamate-5-semialdehyde dehydrogenase activity
GO:0004352	glutamate dehydrogenase (NAD+) activity
GO:0004355	glutamate synthase (NADPH) activity
GO:0004356	glutamate-ammonia ligase activity
GO:0004358	glutamate N-acetyltransferase activity
GO:0004359	glutaminase activity
GO:0004360	glutamine-fructose-6-phosphate transaminase (isomerizing) activity
GO:0004365	glyceraldehyde-3-phosphate dehydrogenase (NAD+) (phosphorylating) activity
GO:0004366	glycerol-3-phosphate O-acyltransferase activity
GO:0004367	glycerol-3-phosphate dehydrogenase [NAD+] activity
GO:0004370	glycerol kinase activity
GO:0004372	glycine hydroxymethyltransferase activity
GO:0004375	glycine dehydrogenase (decarboxylating) activity
GO:0004377	GDP-Man:Man3GlcNAc2-PP-Dol alpha-1,2-mannosyltransferase activity
GO:0004385	guanylate kinase activity
GO:0004386	helicase activity
GO:0004399	histidinol dehydrogenase activity
GO:0004400	histidinol-phosphate transaminase activity
GO:0004401	histidinol-phosphatase activity
GO:0004412	homoserine dehydrogenase activity
GO:0004413	homoserine kinase activity
GO:0004414	homoserine O-acetyltransferase activity
GO:0004418	hydroxymethylbilane synthase activity
GO:0004422	hypoxanthine phosphoribosyltransferase activity
GO:0004424	imidazoleglycerol-phosphate dehydratase activity
GO:0004425	indole-3-glycerol-phosphate synthase activity
GO:0004427	inorganic diphosphatase activity
GO:0004450	isocitrate dehydrogenase (NADP+) activity
GO:0004451	isocitrate lyase activity
GO:0004455	ketol-acid reductoisomerase activity
GO:0004474	malate synthase activity
GO:0004476	mannose-6-phosphate isomerase activity
GO:0004477	methenyltetrahydrofolate cyclohydrolase activity
GO:0004478	methionine adenosyltransferase activity
GO:0004479	methionyl-tRNA formyltransferase activity
GO:0004488	methylenetetrahydrofolate dehydrogenase (NADP+) activity
GO:0004494	methylmalonyl-CoA mutase activity
GO:0004497	monooxygenase activity
GO:0004499	N,N-dimethylaniline monooxygenase activity
GO:0004512	inositol-3-phosphate synthase activity
GO:0004514	nicotinate-nucleotide diphosphorylase (carboxylating) activity
GO:0004515	nicotinate-nucleotide adenylyltransferase activity
GO:0004518	nuclease activity
GO:0004519	endonuclease activity
GO:0004521	endoribonuclease activity
GO:0004523	RNA-DNA hybrid ribonuclease activity
GO:0004525	ribonuclease III activity
GO:0004526	ribonuclease P activity
GO:0004527	exonuclease activity
GO:0004532	exoribonuclease activity
GO:0004534	5'-3' exoribonuclease activity
GO:0004540	ribonuclease activity
GO:0004550	nucleoside diphosphate kinase activity
GO:0004553	hydrolase activity, hydrolyzing O-glycosyl compounds
GO:0004585	ornithine carbamoyltransferase activity
GO:0004588	orotate phosphoribosyltransferase activity
GO:0004590	orotidine-5'-phosphate decarboxylase activity
GO:0004591	oxoglutarate dehydrogenase (succinyl-transferring) activity
GO:0004592	pantoate-beta-alanine ligase activity
GO:0004594	pantothenate kinase activity
GO:0004595	pantetheine-phosphate adenylyltransferase activity
GO:0004605	phosphatidate cytidylyltransferase activity
GO:0004609	phosphatidylserine decarboxylase activity
GO:0004613	phosphoenolpyruvate carboxykinase (GTP) activity
GO:0004616	phosphogluconate dehydrogenase (decarboxylating) activity
GO:0004617	phosphoglycerate dehydrogenase activity
GO:0004618	phosphoglycerate kinase activity
GO:0004619	phosphoglycerate mutase activity
GO:0004632	phosphopantothenate--cysteine ligase activity
GO:0004633	phosphopantothenoylcysteine decarboxylase activity
GO:0004634	phosphopyruvate hydratase activity
GO:0004635	phosphoribosyl-AMP cyclohydrolase activity
GO:0004636	phosphoribosyl-ATP diphosphatase activity
GO:0004637	phosphoribosylamine-glycine ligase activity
GO:0004638	phosphoribosylaminoimidazole carboxylase activity
GO:0004639	phosphoribosylaminoimidazolesuccinocarboxamide synthase activity
GO:0004640	phosphoribosylanthranilate isomerase activity
GO:0004641	phosphoribosylformylglycinamidine cyclo-ligase activity
GO:0004642	phosphoribosylformylglycinamidine synthase activity
GO:0004643	phosphoribosylaminoimidazolecarboxamide formyltransferase activity
GO:0004644	phosphoribosylglycinamide formyltransferase activity
GO:0004647	phosphoserine phosphatase activity
GO:0004648	O-phospho-L-serine:2-oxoglutarate aminotransferase activity
GO:0004654	polyribonucleotide nucleotidyltransferase activity
GO:0004655	porphobilinogen synthase activity
GO:0004658	propionyl-CoA carboxylase activity
GO:0004664	prephenate dehydratase activity
GO:0004665	prephenate dehydrogenase (NADP+) activity
GO:0004672	protein kinase activity
GO:0004674	protein serine/threonine kinase activity
GO:0004721	phosphoprotein phosphatase activity
GO:0004722	protein serine/threonine phosphatase activity
GO:0004729	oxygen-dependent protoporphyrinogen oxidase activity
GO:0004731	purine-nucleoside phosphorylase activity
GO:0004733	pyridoxamine-phosphate oxidase activity
GO:0004735	pyrroline-5-carboxylate reductase activity
GO:0004739	pyruvate dehydrogenase (acetyl-transferring) activity
GO:0004743	pyruvate kinase activity
GO:0004746	riboflavin synthase activity
GO:0004748	ribonucleoside-diphosphate reductase activity, thioredoxin disulfide as acceptor
GO:0004749	ribose phosphate diphosphokinase activity
GO:0004750	ribulose-phosphate 3-epimerase activity
GO:0004751	ribose-5-phosphate isomerase activity
GO:0004764	shikimate 3-dehydrogenase (NADP+) activity
GO:0004765	shikimate kinase activity
GO:0004775	succinate-CoA ligase (ADP-forming) activity
GO:0004784	superoxide dismutase activity
GO:0004788	thiamine diphosphokinase activity
GO:0004789	thiamine-phosphate diphosphorylase activity
GO:0004791	thioredoxin-disulfide reductase activity
GO:0004792	thiosulfate sulfurtransferase activity
GO:0004794	L-threonine ammonia-lyase activity
GO:0004795	threonine synthase activity
GO:0004798	thymidylate kinase activity
GO:0004799	thymidylate synthase activity
GO:0004801	sedoheptulose-7-phosphate:D-glyceraldehyde-3-phosphate glyceronetransferase activity
GO:0004802	transketolase activity
GO:0004803	transposase activity
GO:0004805	trehalose-phosphatase activity
GO:0004807	triose-phosphate isomerase activity
GO:0004813	alanine-tRNA ligase activity
GO:0004814	arginine-tRNA ligase activity
GO:0004817	cysteine-tRNA ligase activity
GO:0004818	glutamate-tRNA ligase activity
GO:0004820	glycine-tRNA ligase activity
GO:0004821	histidine-tRNA ligase activity
GO:0004822	isoleucine-tRNA ligase activity
GO:0004823	leucine-tRNA ligase activity
GO:0004824	lysine-tRNA ligase activity
GO:0004825	methionine-tRNA ligase activity
GO:0004826	phenylalanine-tRNA ligase activity
GO:0004827	proline-tRNA ligase activity
GO:0004828	serine-tRNA ligase activity
GO:0004829	threonine-tRNA ligase activity
GO:0004830	tryptophan-tRNA ligase activity
GO:0004831	tyrosine-tRNA ligase activity
GO:0004832	valine-tRNA ligase activity
GO:0004834	tryptophan synthase activity
GO:0004844	uracil DNA N-glycosylase activity
GO:0004850	uridine phosphorylase activity
GO:0004852	uroporphyrinogen-III synthase activity
GO:0004853	uroporphyrinogen decarboxylase activity
GO:0005198	structural molecule activity
GO:0005215	transporter activity
GO:0005315	inorganic phosphate transmembrane transporter activity
GO:0005344	oxygen carrier activity
GO:0005506	iron ion binding
GO:0005507	copper ion binding
GO:0005524	ATP binding
GO:0005525	GTP binding
GO:0005576	extracellular region
GO:0005618	cell wall
GO:0005622	intracellular
GO:0005623	cell
GO:0005694	chromosome
GO:0005737	cytoplasm
GO:0005777	peroxisome
GO:0005829	cytosol
GO:0005835	fatty acid synthase complex
GO:0005839	proteasome core complex
GO:0005840	ribosome
GO:0005886	plasma membrane
GO:0005887	integral component of plasma membrane
GO:0005960	glycine cleavage complex
GO:0005971	ribonucleoside-diphosphate reductase complex
GO:0005975	carbohydrate metabolic process
GO:0005978	glycogen biosynthetic process
GO:0005992	trehalose biosynthetic process
GO:0006002	fructose 6-phosphate metabolic process
GO:0006006	glucose metabolic process
GO:0006011	UDP-glucose metabolic process
GO:0006015	5-phosphoribose 1-diphosphate biosynthetic process
GO:0006021	inositol biosynthetic process
GO:0006048	UDP-N-acetylglucosamine biosynthetic process
GO:0006071	glycerol metabolic process
GO:0006072	glycerol-3-phosphate metabolic process
GO:0006081	cellular aldehyde metabolic process
GO:0006090	pyruvate metabolic process
GO:0006094	gluconeogenesis
GO:0006096	glycolytic process
GO:0006097	glyoxylate cycle
GO:0006098	pentose-phosphate shunt
GO:0006099	tricarboxylic acid cycle
GO:0006106	fumarate metabolic process
GO:0006108	malate metabolic process
GO:0006119	oxidative phosphorylation
GO:0006164	purine nucleotide biosynthetic process
GO:0006166	purine ribonucleoside salvage
GO:0006177	GMP biosynthetic process
GO:0006183	GTP biosynthetic process
GO:0006189	'de novo' IMP biosynthetic process
GO:0006207	'de novo' pyrimidine nucleobase biosynthetic process
GO:0006226	dUMP biosynthetic process
GO:0006228	UTP biosynthetic process
GO:0006229	dUTP biosynthetic process
GO:0006231	dTMP biosynthetic process
GO:0006233	dTDP biosynthetic process
GO:0006235	dTTP biosynthetic process
GO:0006241	CTP biosynthetic process
GO:0006260	DNA replication
GO:0006261	DNA-dependent DNA replication
GO:0006265	DNA topological change
GO:0006269	DNA replication, synthesis of RNA primer
GO:0006270	DNA replication initiation
GO:0006275	regulation of DNA replication
GO:0006281	DNA repair
GO:0006282	regulation of DNA repair
GO:0006284	base-excision repair
GO:0006289	nucleotide-excision repair
GO:0006306	DNA methylation
GO:0006307	DNA dealkylation involved in DNA repair
GO:0006308	DNA catabolic process
GO:0006310	DNA recombination
GO:0006313	transposition, DNA-mediated
GO:0006351	transcription, DNA-templated
GO:0006352	DNA-templated transcription, initiation
GO:0006353	DNA-templated transcription, termination
GO:0006355	regulation of transcription, DNA-templated
GO:0006364	rRNA processing
GO:0006396	RNA processing
GO:0006397	mRNA processing
GO:0006400	tRNA modification
GO:0006402	mRNA catabolic process
GO:0006412	translation
GO:0006417	regulation of translation
GO:0006418	tRNA aminoacylation for protein translation
GO:0006419	alanyl-tRNA aminoacylation
GO:0006420	arginyl-tRNA aminoacylation
GO:0006423	cysteinyl-tRNA aminoacylation
GO:0006424	glutamyl-tRNA aminoacylation
GO:0006426	glycyl-tRNA aminoacylation
GO:0006427	histidyl-tRNA aminoacylation
GO:0006428	isoleucyl-tRNA aminoacylation
GO:0006429	leucyl-tRNA aminoacylation
GO:0006430	lysyl-tRNA aminoacylation
GO:0006431	methionyl-tRNA aminoacylation
GO:0006432	phenylalanyl-tRNA aminoacylation
GO:0006433	prolyl-tRNA aminoacylation
GO:0006434	seryl-tRNA aminoacylation
GO:0006435	threonyl-tRNA aminoacylation
GO:0006436	tryptophanyl-tRNA aminoacylation
GO:0006437	tyrosyl-tRNA aminoacylation
GO:0006438	valyl-tRNA aminoacylation
GO:0006450	regulation of translational fidelity
GO:0006457	protein folding
GO:0006464	cellular protein modification process
GO:0006465	signal peptide processing
GO:0006474	N-terminal protein amino acid acetylation
GO:0006493	protein O-linked glycosylation
GO:0006520	cellular amino acid metabolic process
GO:0006523	alanine biosynthetic process
GO:0006526	arginine biosynthetic process
GO:0006529	asparagine biosynthetic process
GO:0006534	cysteine metabolic process
GO:0006535	cysteine biosynthetic process from serine
GO:0006537	glutamate biosynthetic process
GO:0006541	glutamine metabolic process
GO:0006542	glutamine biosynthetic process
GO:0006545	glycine biosynthetic process
GO:0006546	glycine catabolic process
GO:0006556	S-adenosylmethionine biosynthetic process
GO:0006564	L-serine biosynthetic process
GO:0006566	threonine metabolic process
GO:0006571	tyrosine biosynthetic process
GO:0006605	protein targeting
GO:0006614	SRP-dependent cotranslational protein targeting to membrane
GO:0006629	lipid metabolic process
GO:0006631	fatty acid metabolic process
GO:0006633	fatty acid biosynthetic process
GO:0006635	fatty acid beta-oxidation
GO:0006637	acyl-CoA metabolic process
GO:0006646	phosphatidylethanolamine biosynthetic process
GO:0006650	glycerophospholipid metabolic process
GO:0006662	glycerol ether metabolic process
GO:0006694	steroid biosynthetic process
GO:0006729	tetrahydrobiopterin biosynthetic process
GO:0006730	one-carbon metabolic process
GO:0006741	NADP biosynthetic process
GO:0006747	FAD biosynthetic process
GO:0006779	porphyrin-containing compound biosynthetic process
GO:0006782	protoporphyrinogen IX biosynthetic process
GO:0006783	heme biosynthetic process
GO:0006784	heme a biosynthetic process
GO:0006796	phosphate-containing compound metabolic process
GO:0006799	polyphosphate biosynthetic process
GO:0006807	nitrogen compound metabolic process
GO:0006811	ion transport
GO:0006813	potassium ion transport
GO:0006817	phosphate ion transport
GO:0006825	copper ion transport
GO:0006826	iron ion transport
GO:0006865	amino acid transport
GO:0006869	lipid transport
GO:0006879	cellular iron ion homeostasis
GO:0006886	intracellular protein transport
GO:0006950	response to stress
GO:0007049	cell cycle
GO:0007059	chromosome segregation
GO:0007062	sister chromatid cohesion
GO:0007155	cell adhesion
GO:0008033	tRNA processing
GO:0008094	DNA-dependent ATPase activity
GO:0008097	5S rRNA binding
GO:0008113	peptide-methionine (S)-S-oxide reductase activity
GO:0008121	ubiquinol-cytochrome-c reductase activity
GO:0008124	4-alpha-hydroxytetrahydrobiopterin dehydratase activity
GO:0008152	metabolic process
GO:0008168	methyltransferase activity
GO:0008170	N-methyltransferase activity
GO:0008171	O-methyltransferase activity
GO:0008173	RNA methyltransferase activity
GO:0008175	tRNA methyltransferase activity
GO:0008176	tRNA (guanine-N7-)-methyltransferase activity
GO:0008177	succinate dehydrogenase (ubiquinone) activity
GO:0008186	RNA-dependent ATPase activity
GO:0008199	ferric iron binding
GO:0008201	heparin binding
GO:0008233	peptidase activity
GO:0008235	metalloexopeptidase activity
GO:0008236	serine-type peptidase activity
GO:0008237	metallopeptidase activity
GO:0008270	zinc ion binding
GO:0008271	secondary active sulfate transmembrane transporter activity
GO:0008276	protein methyltransferase activity
GO:0008289	lipid binding
GO:0008299	isoprenoid biosynthetic process
GO:0008312	7S RNA binding
GO:0008320	protein transmembrane transporter activity
GO:0008324	cation transmembrane transporter activity
GO:0008360	regulation of cell shape
GO:0008375	acetylglucosaminyltransferase activity
GO:0008381	mechanosensitive ion channel activity
GO:0008408	3'-5' exonuclease activity
GO:0008428	ribonuclease inhibitor activity
GO:0008441	3'(2'),5'-bisphosphate nucleotidase activity
GO:0008444	CDP-diacylglycerol-glycerol-3-phosphate 3-phosphatidyltransferase activity
GO:0008460	dTDP-glucose 4,6-dehydratase activity
GO:0008483	transaminase activity
GO:0008495	protoheme IX farnesyltransferase activity
GO:0008531	riboflavin kinase activity
GO:0008534	oxidized purine nucleobase lesion DNA N-glycosylase activity
GO:0008565	protein transporter activity
GO:0008610	lipid biosynthetic process
GO:0008615	pyridoxine biosynthetic process
GO:0008641	ubiquitin-like modifier activating enzyme activity
GO:0008643	carbohydrate transport
GO:0008649	rRNA methyltransferase activity
GO:0008654	phospholipid biosynthetic process
GO:0008658	penicillin binding
GO:0008661	1-deoxy-D-xylulose-5-phosphate synthase activity
GO:0008666	2,3,4,5-tetrahydropyridine-2,6-dicarboxylate N-succinyltransferase activity
GO:0008683	2-oxoglutarate decarboxylase activity
GO:0008685	2-C-methyl-D-erythritol 2,4-cyclodiphosphate synthase activity
GO:0008686	3,4-dihydroxy-2-butanone-4-phosphate synthase activity
GO:0008703	5-amino-6-(5-phosphoribosylamino)uracil reductase activity
GO:0008705	methionine synthase activity
GO:0008710	8-amino-7-oxononanoate synthase activity
GO:0008715	CDP-diacylglycerol diphosphatase activity
GO:0008716	D-alanine-D-alanine ligase activity
GO:0008725	DNA-3-methyladenine glycosylase activity
GO:0008728	GTP diphosphokinase activity
GO:0008734	L-aspartate oxidase activity
GO:0008745	N-acetylmuramoyl-L-alanine amidase activity
GO:0008750	NAD(P)+ transhydrogenase (AB-specific) activity
GO:0008757	S-adenosylmethionine-dependent methyltransferase activity
GO:0008760	UDP-N-acetylglucosamine 1-carboxyvinyltransferase activity
GO:0008762	UDP-N-acetylmuramate dehydrogenase activity
GO:0008763	UDP-N-acetylmuramate-L-alanine ligase activity
GO:0008764	UDP-N-acetylmuramoylalanine-D-glutamate ligase activity
GO:0008765	UDP-N-acetylmuramoylalanyl-D-glutamate-2,6-diaminopimelate ligase activity
GO:0008767	UDP-galactopyranose mutase activity
GO:0008784	alanine racemase activity
GO:0008813	chorismate lyase activity
GO:0008817	cob(I)yrinic acid a,c-diamide adenosyltransferase activity
GO:0008821	crossover junction endodeoxyribonuclease activity
GO:0008825	cyclopropane-fatty-acyl-phospholipid synthase activity
GO:0008829	dCTP deaminase activity
GO:0008830	dTDP-4-dehydrorhamnose 3,5-epimerase activity
GO:0008831	dTDP-4-dehydrorhamnose reductase activity
GO:0008833	deoxyribonuclease IV (phage-T4-induced) activity
GO:0008835	diaminohydroxyphosphoribosylaminopyrimidine deaminase activity
GO:0008836	diaminopimelate decarboxylase activity
GO:0008837	diaminopimelate epimerase activity
GO:0008840	4-hydroxy-tetrahydrodipicolinate synthase
GO:0008855	exodeoxyribonuclease VII activity
GO:0008878	glucose-1-phosphate adenylyltransferase activity
GO:0008879	glucose-1-phosphate thymidylyltransferase activity
GO:0008881	glutamate racemase activity
GO:0008882	[glutamate-ammonia-ligase] adenylyltransferase activity
GO:0008883	glutamyl-tRNA reductase activity
GO:0008889	glycerophosphodiester phosphodiesterase activity
GO:0008897	holo-[acyl-carrier-protein] synthase activity
GO:0008902	hydroxymethylpyrimidine kinase activity
GO:0008909	isochorismate synthase activity
GO:0008932	lytic endotransglycosylase activity
GO:0008934	inositol monophosphate 1-phosphatase activity
GO:0008935	1,4-dihydroxy-2-naphthoyl-CoA synthase activity
GO:0008939	nicotinate-nucleotide-dimethylbenzimidazole phosphoribosyltransferase activity
GO:0008948	oxaloacetate decarboxylase activity
GO:0008963	phospho-N-acetylmuramoyl-pentapeptide-transferase activity
GO:0008964	phosphoenolpyruvate carboxylase activity
GO:0008966	phosphoglucosamine mutase activity
GO:0008972	phosphomethylpyrimidine kinase activity
GO:0008976	polyphosphate kinase activity
GO:0008977	prephenate dehydrogenase (NAD+) activity
GO:0008987	quinolinate synthetase A activity
GO:0009001	serine O-acetyltransferase activity
GO:0009002	serine-type D-Ala-D-Ala carboxypeptidase activity
GO:0009009	site-specific recombinase activity
GO:0009014	succinyl-diaminopimelate desuccinylase activity
GO:0009022	tRNA nucleotidyltransferase activity
GO:0009030	thiamine-phosphate kinase activity
GO:0009052	pentose-phosphate shunt, non-oxidative branch
GO:0009055	electron transfer activity
GO:0009058	biosynthetic process
GO:0009060	aerobic respiration
GO:0009073	aromatic amino acid family biosynthetic process
GO:0009086	methionine biosynthetic process
GO:0009088	threonine biosynthetic process
GO:0009089	lysine biosynthetic process via diaminopimelate
GO:0009094	L-phenylalanine biosynthetic process
GO:0009097	isoleucine biosynthetic process
GO:0009098	leucine biosynthetic process
GO:0009099	valine biosynthetic process
GO:0009102	biotin biosynthetic process
GO:0009103	lipopolysaccharide biosynthetic process
GO:0009108	coenzyme biosynthetic process
GO:0009113	purine nucleobase biosynthetic process
GO:0009116	nucleoside metabolic process
GO:0009117	nucleotide metabolic process
GO:0009132	nucleoside diphosphate metabolic process
GO:0009143	nucleoside triphosphate catabolic process
GO:0009156	ribonucleoside monophosphate biosynthetic process
GO:0009163	nucleoside biosynthetic process
GO:0009165	nucleotide biosynthetic process
GO:0009166	nucleotide catabolic process
GO:0009168	purine ribonucleoside monophosphate biosynthetic process
GO:0009190	cyclic nucleotide biosynthetic process
GO:0009225	nucleotide-sugar metabolic process
GO:0009228	thiamine biosynthetic process
GO:0009229	thiamine diphosphate biosynthetic process
GO:0009231	riboflavin biosynthetic process
GO:0009234	menaquinone biosynthetic process
GO:0009236	cobalamin biosynthetic process
GO:0009239	enterobactin biosynthetic process
GO:0009245	lipid A biosynthetic process
GO:0009247	glycolipid biosynthetic process
GO:0009249	protein lipoylation
GO:0009252	peptidoglycan biosynthetic process
GO:0009253	peptidoglycan catabolic process
GO:0009263	deoxyribonucleotide biosynthetic process
GO:0009264	deoxyribonucleotide catabolic process
GO:0009279	cell outer membrane
GO:0009295	nucleoid
GO:0009298	GDP-mannose biosynthetic process
GO:0009306	protein secretion
GO:0009316	3-isopropylmalate dehydratase complex
GO:0009318	exodeoxyribonuclease VII complex
GO:0009331	glycerol-3-phosphate dehydrogenase complex
GO:0009349	riboflavin synthase complex
GO:0009358	polyphosphate kinase complex
GO:0009360	DNA polymerase III complex
GO:0009366	enterobactin synthetase complex
GO:0009378	four-way junction helicase activity
GO:0009379	Holliday junction helicase complex
GO:0009380	excinuclease repair complex
GO:0009381	excinuclease ABC activity
GO:0009396	folic acid-containing compound biosynthetic process
GO:0009398	FMN biosynthetic process
GO:0009399	nitrogen fixation
GO:0009403	toxin biosynthetic process
GO:0009405	pathogenesis
GO:0009408	response to heat
GO:0009423	chorismate biosynthetic process
GO:0009432	SOS response
GO:0009435	NAD biosynthetic process
GO:0009450	gamma-aminobutyric acid catabolic process
GO:0009691	cytokinin biosynthetic process
GO:0009982	pseudouridine synthase activity
GO:0009986	cell surface
GO:0010125	mycothiol biosynthetic process
GO:0010126	mycothiol metabolic process
GO:0010127	mycothiol-dependent detoxification
GO:0010181	FMN binding
GO:0010498	proteasomal protein catabolic process
GO:0015031	protein transport
GO:0015035	protein disulfide oxidoreductase activity
GO:0015074	DNA integration
GO:0015078	proton transmembrane transporter activity
GO:0015087	cobalt ion transmembrane transporter activity
GO:0015095	magnesium ion transmembrane transporter activity
GO:0015105	arsenite transmembrane transporter activity
GO:0015288	porin activity
GO:0015293	symporter activity
GO:0015299	solute:proton antiporter activity
GO:0015415	ATPase-coupled phosphate ion transmembrane transporter activity
GO:0015419	ATPase-coupled sulfate transmembrane transporter activity
GO:0015450	P-P-bond-hydrolysis-driven protein transmembrane transporter activity
GO:0015833	peptide transport
GO:0015934	large ribosomal subunit
GO:0015935	small ribosomal subunit
GO:0015937	coenzyme A biosynthetic process
GO:0015940	pantothenate biosynthetic process
GO:0015941	pantothenate catabolic process
GO:0015970	guanosine tetraphosphate biosynthetic process
GO:0015976	carbon utilization
GO:0015977	carbon fixation
GO:0015986	ATP synthesis coupled proton transport
GO:0015990	electron transport coupled proton transport
GO:0015991	ATP hydrolysis coupled proton transport
GO:0016020	membrane
GO:0016021	integral component of membrane
GO:0016024	CDP-diacylglycerol biosynthetic process
GO:0016042	lipid catabolic process
GO:0016075	rRNA catabolic process
GO:0016114	terpenoid biosynthetic process
GO:0016149	translation release factor activity, codon specific
GO:0016209	antioxidant activity
GO:0016226	iron-sulfur cluster assembly
GO:0016301	kinase activity
GO:0016311	dephosphorylation
GO:0016407	acetyltransferase activity
GO:0016410	N-acyltransferase activity
GO:0016429	tRNA (adenine-N1-)-methyltransferase activity
GO:0016462	pyrophosphatase activity
GO:0016491	oxidoreductase activity
GO:0016539	intein-mediated protein splicing
GO:0016597	amino acid binding
GO:0016614	oxidoreductase activity, acting on CH-OH group of donors
GO:0016620	oxidoreductase activity, acting on the aldehyde or oxo group of donors, NAD or NADP as acceptor
GO:0016627	oxidoreductase activity, acting on the CH-CH group of donors
GO:0016628	oxidoreductase activity, acting on the CH-CH group of donors, NAD or NADP as acceptor
GO:0016679	oxidoreductase activity, acting on diphenols and related substances as donors
GO:0016705	oxidoreductase activity, acting on paired donors, with incorporation or reduction of molecular oxygen
GO:0016740	transferase activity
GO:0016746	transferase activity, transferring acyl groups
GO:0016747	transferase activity, transferring acyl groups other than amino-acyl groups
GO:0016757	transferase activity, transferring glycosyl groups
GO:0016758	transferase activity, transferring hexosyl groups
GO:0016763	transferase activity, transferring pentosyl groups
GO:0016765	transferase activity, transferring alkyl or aryl (other than methyl) groups
GO:0016772	transferase activity, transferring phosphorus-containing groups
GO:0016773	phosphotransferase activity, alcohol group as acceptor
GO:0016779	nucleotidyltransferase activity
GO:0016780	phosphotransferase activity, for other substituted phosphate groups
GO:0016783	sulfurtransferase activity
GO:0016787	hydrolase activity
GO:0016788	hydrolase activity, acting on ester bonds
GO:0016790	thiolester hydrolase activity
GO:0016793	triphosphoric monoester hydrolase activity
GO:0016798	hydrolase activity, acting on glycosyl bonds
GO:0016810	hydrolase activity, acting on carbon-nitrogen (but not peptide) bonds
GO:0016811	hydrolase activity, acting on carbon-nitrogen (but not peptide) bonds, in linear amides
GO:0016818	hydrolase activity, acting on acid anhydrides, in phosphorus-containing anhydrides
GO:0016829	lyase activity
GO:0016830	carbon-carbon lyase activity
GO:0016831	carboxy-lyase activity
GO:0016836	hydro-lyase activity
GO:0016849	phosphorus-oxygen lyase activity
GO:0016853	isomerase activity
GO:0016868	intramolecular transferase activity, phosphotransferases
GO:0016874	ligase activity
GO:0016879	ligase activity, forming carbon-nitrogen bonds
GO:0016884	carbon-nitrogen ligase activity, with glutamine as amido-N-donor
GO:0016887	ATPase activity
GO:0016888	endodeoxyribonuclease activity, producing 5'-phosphomonoesters
GO:0016987	sigma factor activity
GO:0016992	lipoate synthase activity
GO:0017004	cytochrome complex assembly
GO:0017038	protein import
GO:0017057	6-phosphogluconolactonase activity
GO:0017111	nucleoside-triphosphatase activity
GO:0017148	negative regulation of translation
GO:0017150	tRNA dihydrouridine synthase activity
GO:0018160	peptidyl-pyrromethane cofactor linkage
GO:0019134	glucosamine-1-phosphate N-acetyltransferase activity
GO:0019264	glycine biosynthetic process from serine
GO:0019277	UDP-N-acetylgalactosamine biosynthetic process
GO:0019288	isopentenyl diphosphate biosynthetic process, methylerythritol 4-phosphate pathway
GO:0019305	dTDP-rhamnose biosynthetic process
GO:0019343	cysteine biosynthetic process via cystathionine
GO:0019430	removal of superoxide radicals
GO:0019432	triglyceride biosynthetic process
GO:0019464	glycine decarboxylation via glycine cleavage system
GO:0019510	S-adenosylhomocysteine catabolic process
GO:0019521	D-gluconate metabolic process
GO:0019538	protein metabolic process
GO:0019551	glutamate catabolic process to 2-oxoglutarate
GO:0019563	glycerol catabolic process
GO:0019646	aerobic electron transport chain
GO:0019652	lactate fermentation to propionate and acetate
GO:0019674	NAD metabolic process
GO:0019773	proteasome core complex, alpha-subunit complex
GO:0019825	oxygen binding
GO:0019829	cation-transporting ATPase activity
GO:0019843	rRNA binding
GO:0019877	diaminopimelate biosynthetic process
GO:0019941	modification-dependent protein catabolic process
GO:0020037	heme binding
GO:0022857	transmembrane transporter activity
GO:0022900	electron transport chain
GO:0022904	respiratory electron transport chain
GO:0030001	metal ion transport
GO:0030060	L-malate dehydrogenase activity
GO:0030145	manganese ion binding
GO:0030163	protein catabolic process
GO:0030170	pyridoxal phosphate binding
GO:0030246	carbohydrate binding
GO:0030259	lipid glycosylation
GO:0030261	chromosome condensation
GO:0030272	5-formyltetrahydrofolate cyclo-ligase activity
GO:0030604	1-deoxy-D-xylulose-5-phosphate reductoisomerase activity
GO:0030632	D-alanine biosynthetic process
GO:0030643	cellular phosphate ion homeostasis
GO:0030955	potassium ion binding
GO:0030956	glutamyl-tRNA(Gln) amidotransferase complex
GO:0030976	thiamine pyrophosphate binding
GO:0031071	cysteine desulfurase activity
GO:0031072	heat shock protein binding
GO:0031167	rRNA methylation
GO:0031177	phosphopantetheine binding
GO:0031419	cobalamin binding
GO:0031515	tRNA (m1A) methyltransferase complex
GO:0031564	transcription antitermination
GO:0032153	cell division site
GO:0032264	IMP salvage
GO:0032324	molybdopterin cofactor biosynthetic process
GO:0032549	ribonucleoside binding
GO:0032784	regulation of DNA-templated transcription, elongation
GO:0032977	membrane insertase activity
GO:0032993	protein-DNA complex
GO:0033014	tetrapyrrole biosynthetic process
GO:0033281	TAT protein transport complex
GO:0033819	lipoyl(octanoyl) transferase activity
GO:0033850	Z-farnesyl diphosphate synthase activity
GO:0033862	UMP kinase activity
GO:0033973	dCTP deaminase (dUMP-forming) activity
GO:0034023	5-(carboxyamino)imidazole ribonucleotide mutase activity
GO:0034028	5-(carboxyamino)imidazole ribonucleotide synthase activity
GO:0034220	ion transmembrane transport
GO:0034335	DNA supercoiling activity
GO:0034386	4-aminobutyrate:2-oxoglutarate transaminase activity
GO:0034618	arginine binding
GO:0035435	phosphate ion transmembrane transport
GO:0035446	cysteine-glucosaminylinositol ligase activity
GO:0035552	oxidative single-stranded DNA demethylation
GO:0035556	intracellular signal transduction
GO:0035595	N-acetylglucosaminylinositol deacetylase activity
GO:0035731	dinitrosyl-iron complex binding
GO:0035998	7,8-dihydroneopterin 3'-triphosphate biosynthetic process
GO:0035999	tetrahydrofolate interconversion
GO:0036054	protein-malonyllysine demalonylase activity
GO:0036055	protein-succinyllysine desuccinylase activity
GO:0036381	pyridoxal 5'-phosphate synthase (glutamine hydrolysing) activity
GO:0036439	glycerol-3-phosphate dehydrogenase [NADP+] activity
GO:0042026	protein refolding
GO:0042132	fructose 1,6-bisphosphate 1-phosphatase activity
GO:0042158	lipoprotein biosynthetic process
GO:0042254	ribosome biogenesis
GO:0042256	mature ribosome assembly
GO:0042274	ribosomal small subunit biogenesis
GO:0042286	glutamate-1-semialdehyde 2,1-aminomutase activity
GO:0042301	phosphate ion binding
GO:0042450	arginine biosynthetic process via ornithine
GO:0042558	pteridine-containing compound metabolic process
GO:0042586	peptide deformylase activity
GO:0042626	ATPase activity, coupled to transmembrane movement of substances
GO:0042803	protein homodimerization activity
GO:0042823	pyridoxal phosphate biosynthetic process
GO:0042853	L-alanine catabolic process
GO:0043022	ribosome binding
GO:0043023	ribosomal large subunit binding
GO:0043093	FtsZ-dependent cytokinesis
GO:0043190	ATP-binding cassette (ABC) transporter complex
GO:0043215	daunorubicin transport
GO:0043565	sequence-specific DNA binding
GO:0043750	phosphatidylinositol alpha-mannosyltransferase activity
GO:0043773	coenzyme F420-0 gamma-glutamyl ligase activity
GO:0043937	regulation of sporulation
GO:0043953	protein transport by the Tat complex
GO:0044038	cell wall macromolecule biosynthetic process
GO:0044205	'de novo' UMP biosynthetic process
GO:0044208	'de novo' AMP biosynthetic process
GO:0044209	AMP salvage
GO:0044210	'de novo' CTP biosynthetic process
GO:0044238	primary metabolic process
GO:0044318	L-aspartate:fumarate oxidoreductase activity
GO:0044689	7,8-didemethyl-8-hydroxy-5-deazariboflavin synthase activity
GO:0045226	extracellular polysaccharide biosynthetic process
GO:0045227	capsule polysaccharide biosynthetic process
GO:0045239	tricarboxylic acid cycle enzyme complex
GO:0045261	proton-transporting ATP synthase complex, catalytic core F(1)
GO:0045263	proton-transporting ATP synthase complex, coupling factor F(o)
GO:0045281	succinate dehydrogenase complex
GO:0045300	acyl-[acyl-carrier-protein] desaturase activity
GO:0045454	cell redox homeostasis
GO:0045892	negative regulation of transcription, DNA-templated
GO:0045893	positive regulation of transcription, DNA-templated
GO:0045900	negative regulation of translational elongation
GO:0045936	negative regulation of phosphate metabolic process
GO:0046080	dUTP metabolic process
GO:0046168	glycerol-3-phosphate catabolic process
GO:0046342	CDP-diacylglycerol catabolic process
GO:0046386	deoxyribose phosphate catabolic process
GO:0046416	D-amino acid metabolic process
GO:0046417	chorismate metabolic process
GO:0046428	1,4-dihydroxy-2-naphthoate octaprenyltransferase activity
GO:0046429	4-hydroxy-3-methylbut-2-en-1-yl diphosphate synthase activity
GO:0046488	phosphatidylinositol metabolic process
GO:0046654	tetrahydrofolate biosynthetic process
GO:0046656	folic acid biosynthetic process
GO:0046677	response to antibiotic
GO:0046854	phosphatidylinositol phosphorylation
GO:0046872	metal ion binding
GO:0046873	metal ion transmembrane transporter activity
GO:0046914	transition metal ion binding
GO:0046930	pore complex
GO:0046933	proton-transporting ATP synthase activity, rotational mechanism
GO:0046983	protein dimerization activity
GO:0047150	betaine-homocysteine S-methyltransferase activity
GO:0047298	(S)-3-amino-2-methylpropionate transaminase activity
GO:0047330	polyphosphate-glucose phosphotransferase activity
GO:0047334	diphosphate-fructose-6-phosphate 1-phosphotransferase activity
GO:0047388	[glutamine synthetase]-adenylyl-L-tyrosine phosphorylase
GO:0047429	nucleoside-triphosphate diphosphatase activity
GO:0047443	4-hydroxy-4-methyl-2-oxoglutarate aldolase activity
GO:0047480	UDP-N-acetylmuramoyl-tripeptide-D-alanyl-D-alanine ligase activity
GO:0047617	acyl-CoA hydrolase activity
GO:0047952	glycerol-3-phosphate dehydrogenase [NAD(P)+] activity
GO:0048034	heme O biosynthetic process
GO:0048037	cofactor binding
GO:0048500	signal recognition particle
GO:0050071	lysyltransferase activity
GO:0050242	pyruvate, phosphate dikinase activity
GO:0050348	trehalose O-mycolyltransferase activity
GO:0050380	undecaprenyl-diphosphatase activity
GO:0050439	2-hydroxy-3-oxoadipate synthase activity
GO:0050511	undecaprenyldiphospho-muramoylpentapeptide beta-N-acetylglucosaminyltransferase activity
GO:0050515	4-(cytidine 5'-diphospho)-2-C-methyl-D-erythritol kinase activity
GO:0050518	2-C-methyl-D-erythritol 4-phosphate cytidylyltransferase activity
GO:0050560	aspartate-tRNA(Asn) ligase activity
GO:0050567	glutaminyl-tRNA synthase (glutamine-hydrolyzing) activity
GO:0050660	flavin adenine dinucleotide binding
GO:0050661	NADP binding
GO:0050662	coenzyme binding
GO:0050797	thymidylate synthase (FAD) activity
GO:0050840	extracellular matrix binding
GO:0050992	dimethylallyl diphosphate biosynthetic process
GO:0051082	unfolded protein binding
GO:0051087	chaperone binding
GO:0051188	cofactor biosynthetic process
GO:0051213	dioxygenase activity
GO:0051252	regulation of RNA metabolic process
GO:0051259	protein complex oligomerization
GO:0051287	NAD binding
GO:0051301	cell division
GO:0051304	chromosome separation
GO:0051536	iron-sulfur cluster binding
GO:0051537	2 iron, 2 sulfur cluster binding
GO:0051539	4 iron, 4 sulfur cluster binding
GO:0051603	proteolysis involved in cellular protein catabolic process
GO:0051745	4-hydroxy-3-methylbut-2-en-1-yl diphosphate reductase activity
GO:0051920	peroxiredoxin activity
GO:0051991	UDP-N-acetyl-D-glucosamine:N-acetylmuramoyl-L-alanyl-D-glutamyl-meso-2,6-diaminopimelyl-D-alanyl-D-alanine-diphosphoundecaprenol 4-beta-N-acetylglucosaminlytransferase activity
GO:0051992	UDP-N-acetylmuramoyl-L-alanyl-D-glutamyl-meso-2,6-diaminopimelyl-D-alanyl-D-alanine:undecaprenyl-phosphate transferase activity
GO:0052381	tRNA dimethylallyltransferase activity
GO:0052591	sn-glycerol-3-phosphate:ubiquinone-8 oxidoreductase activity
GO:0052618	coenzyme F420-0:L-glutamate ligase activity
GO:0052619	coenzyme F420-1:gamma-L-glutamate ligase activity
GO:0052636	arabinosyltransferase activity
GO:0052654	L-leucine transaminase activity
GO:0052655	L-valine transaminase activity
GO:0052656	L-isoleucine transaminase activity
GO:0052657	guanine phosphoribosyltransferase activity
GO:0052717	tRNA-specific adenosine-34 deaminase activity
GO:0052749	glucose-6-phosphate dehydrogenase (coenzyme F420) activity
GO:0052832	inositol monophosphate 3-phosphatase activity
GO:0052833	inositol monophosphate 4-phosphatase activity
GO:0052855	ADP-dependent NAD(P)H-hydrate dehydratase activity
GO:0052865	1-deoxy-D-xylulose 5-phosphate biosynthetic process
GO:0052906	tRNA (guanine(37)-N(1))-methyltransferase activity
GO:0052908	16S rRNA (adenine(1518)-N(6)/adenine(1519)-N(6))-dimethyltransferase activity
GO:0055070	copper ion homeostasis
GO:0055085	transmembrane transport
GO:0055114	oxidation-reduction process
GO:0055129	L-proline biosynthetic process
GO:0061136	regulation of proteasomal protein catabolic process
GO:0061710	L-threonylcarbamoyladenylate synthase
GO:0061711	N(6)-L-threonylcarbamoyladenine synthase activity
GO:0070006	metalloaminopeptidase activity
GO:0070008	serine-type exopeptidase activity
GO:0070063	RNA polymerase binding
GO:0070084	protein initiator methionine removal
GO:0070204	2-succinyl-5-enolpyruvyl-6-hydroxy-3-cyclohexene-1-carboxylic-acid synthase activity
GO:0070402	NADPH binding
GO:0070403	NAD+ binding
GO:0070469	respiratory chain
GO:0070490	protein pupylation
GO:0070626	(S)-2-(5-amino-1-(5-phospho-D-ribosyl)imidazole-4-carboxamido)succinate AMP-lyase (fumarate-forming) activity
GO:0070677	rRNA (cytosine-2'-O-)-methyltransferase activity
GO:0070967	coenzyme F420 binding
GO:0071266	'de novo' L-methionine biosynthetic process
GO:0071268	homocysteine biosynthetic process
GO:0071555	cell wall organization
GO:0071766	Actinobacterium-type cell wall biogenesis
GO:0071949	FAD binding
GO:0090071	negative regulation of ribosome biogenesis
GO:0090529	cell septum assembly
GO:0097056	selenocysteinyl-tRNA(Sec) biosynthetic process
GO:0097367	carbohydrate derivative binding
GO:0097428	protein maturation by iron-sulfur cluster transfer
GO:0102420	sn-1-glycerol-3-phosphate C16:0-DCA-CoA acyl transferase activity
GO:0102555	octanoyl transferase activity (acting on glycine-cleavage complex H protein)
GO:0102559	protein-(glutamine-N5) methyltransferase activity
GO:0102710	D-inositol-3-phosphate glycosyltransferase activity
GO:0102955	S-adenosylmethionine:2-demethylmenaquinol-7 methyltransferase activity
GO:0103045	methione N-acyltransferase activity
GO:0140078	class I DNA-(apurinic or apyrimidinic site) endonuclease activity
GO:1900753	doxorubicin transport
GO:1901137	carbohydrate derivative biosynthetic process
GO:1990077	primosome complex
GO:2000186	negative regulation of phosphate transmembrane transport
